﻿<?xml version="1.0" encoding="utf-8" ?>
<!--Created:cb85b80c-f585-40ff-8bfc-12ff4d0e34a9-->
<App xmlns="http://schemas.microsoft.com/sharepoint/2012/app/manifest"
     Name="RemoteEventsLab"
     ProductID="{f6d76f44-1f83-4dbc-8c11-4616561379b3}"
     Version="1.0.0.0"
     SharePointMinVersion="16.0.0.0"
>
  <Properties>
    <Title>Remote Events Lab</Title>
    <StartPage>~remoteAppUrl/?{StandardTokens}</StartPage>
    <InstalledEventEndpoint>~remoteAppUrl/Services/AppEventReceiver.svc</InstalledEventEndpoint>
  </Properties>

  <AppPrincipal>
    <RemoteWebApplication ClientId="*" />
  </AppPrincipal>
  <AppPermissionRequests AllowAppOnlyPolicy="true" >
    <AppPermissionRequest Scope="http://sharepoint/content/sitecollection/web" Right="Manage" />
  </AppPermissionRequests>
</App>
